{
  "model_state": "trained_full_finetune",
  "splits": {
    "ravdess_test": {
      "split": "test",
      "n": 144,
      "accuracy": 0.7083333333333334,
      "macro_f1": 0.6958854974812422,
      "per_class_precision": {
        "neutral": 0.7608695652173914,
        "happy": 0.85,
        "sad": 0.5454545454545454,
        "angry": 0.7111111111111111
      },
      "per_class_recall": {
        "neutral": 0.7291666666666666,
        "happy": 0.53125,
        "sad": 0.5625,
        "angry": 1.0
      }
    },
    "crema_d_ood": {
      "split": "ood",
      "n": 4900,
      "accuracy": 0.5173469387755102,
      "macro_f1": 0.4756554317805145,
      "per_class_precision": {
        "neutral": 0.25688073394495414,
        "happy": 0.4713584288052373,
        "sad": 0.8290258449304175,
        "angry": 0.5685863874345549
      },
      "per_class_recall": {
        "neutral": 0.1545538178472861,
        "happy": 0.6797797010228167,
        "sad": 0.3280881195908733,
        "angry": 0.8544453186467349
      }
    }
  }
}